{
  "config": {
    "phase": 2,
    "n_episodes": 20,
    "seed": 7,
    "agent": "random"
  },
  "summary": {
    "discriminator_score": {
      "mean": 0.0009156614047242329,
      "std": 0.00017161641657137698
    },
    "rule_reward": {
      "mean": 0.36154653930664066,
      "std": 0.08024714454938957
    },
    "beat_density": {
      "mean": 0.937890625,
      "std": 0.016289577704682062
    },
    "groove_consistency": {
      "mean": 0.8787078373015873,
      "std": 0.030850968997332532
    },
    "per_layer_density": {
      "kick": {
        "mean": 0.93125,
        "std": 0.055551215108222425
      },
      "snare": {
        "mean": 0.95,
        "std": 0.042389562394532926
      },
      "hihat": {
        "mean": 0.928125,
        "std": 0.06636487681748532
      },
      "clap": {
        "mean": 0.940625,
        "std": 0.05403630145559557
      },
      "bass": {
        "mean": 0.953125,
        "std": 0.0554632479665589
      },
      "melody": {
        "mean": 0.909375,
        "std": 0.06695089151758922
      },
      "pad": {
        "mean": 0.940625,
        "std": 0.04624577683421482
      },
      "fx": {
        "mean": 0.95,
        "std": 0.05077524002897475
      }
    }
  },
  "episodes": [
    {
      "discriminator_score": 0.0014019474619999528,
      "rule_reward": 0.39502136230468754,
      "beat_density": 0.9453125,
      "groove_consistency": 0.890625,
      "per_layer_density": {
        "kick": 1.0,
        "snare": 0.9375,
        "hihat": 0.9375,
        "clap": 0.9375,
        "bass": 0.75,
        "melody": 1.0,
        "pad": 1.0,
        "fx": 1.0
      }
    },
    {
      "discriminator_score": 0.0008366059046238661,
      "rule_reward": 0.395079345703125,
      "beat_density": 0.9140625,
      "groove_consistency": 0.828125,
      "per_layer_density": {
        "kick": 0.875,
        "snare": 0.9375,
        "hihat": 0.9375,
        "clap": 0.9375,
        "bass": 1.0,
        "melody": 0.8125,
        "pad": 0.875,
        "fx": 0.9375
      }
    },
    {
      "discriminator_score": 0.0008514284272678196,
      "rule_reward": 0.4050762939453125,
      "beat_density": 0.921875,
      "groove_consistency": 0.84375,
      "per_layer_density": {
        "kick": 0.9375,
        "snare": 0.875,
        "hihat": 0.9375,
        "clap": 0.875,
        "bass": 0.9375,
        "melody": 0.9375,
        "pad": 0.875,
        "fx": 1.0
      }
    },
    {
      "discriminator_score": 0.0008819072972983122,
      "rule_reward": 0.3900396728515625,
      "beat_density": 0.953125,
      "groove_consistency": 0.90625,
      "per_layer_density": {
        "kick": 0.875,
        "snare": 1.0,
        "hihat": 0.875,
        "clap": 0.9375,
        "bass": 1.0,
        "melody": 1.0,
        "pad": 0.9375,
        "fx": 1.0
      }
    },
    {
      "discriminator_score": 0.000974137568846345,
      "rule_reward": 0.390030517578125,
      "beat_density": 0.9609375,
      "groove_consistency": 0.921875,
      "per_layer_density": {
        "kick": 1.0,
        "snare": 0.9375,
        "hihat": 0.875,
        "clap": 1.0,
        "bass": 1.0,
        "melody": 1.0,
        "pad": 1.0,
        "fx": 0.875
      }
    },
    {
      "discriminator_score": 0.000995711307041347,
      "rule_reward": 0.39008544921875,
      "beat_density": 0.9375,
      "groove_consistency": 0.875,
      "per_layer_density": {
        "kick": 0.9375,
        "snare": 0.9375,
        "hihat": 1.0,
        "clap": 1.0,
        "bass": 1.0,
        "melody": 0.875,
        "pad": 0.875,
        "fx": 0.875
      }
    },
    {
      "discriminator_score": 0.0008229636587202549,
      "rule_reward": 0.3850762939453125,
      "beat_density": 0.9296875,
      "groove_consistency": 0.859375,
      "per_layer_density": {
        "kick": 0.875,
        "snare": 1.0,
        "hihat": 0.9375,
        "clap": 1.0,
        "bass": 0.9375,
        "melody": 0.8125,
        "pad": 0.875,
        "fx": 1.0
      }
    },
    {
      "discriminator_score": 0.0008130109636113048,
      "rule_reward": 0.345042724609375,
      "beat_density": 0.9375,
      "groove_consistency": 0.875,
      "per_layer_density": {
        "kick": 0.9375,
        "snare": 0.875,
        "hihat": 1.0,
        "clap": 0.9375,
        "bass": 0.9375,
        "melody": 0.9375,
        "pad": 0.9375,
        "fx": 0.9375
      }
    },
    {
      "discriminator_score": 0.0007175235659815371,
      "rule_reward": 0.345042724609375,
      "beat_density": 0.9140625,
      "groove_consistency": 0.828125,
      "per_layer_density": {
        "kick": 0.8125,
        "snare": 0.875,
        "hihat": 0.9375,
        "clap": 0.9375,
        "bass": 1.0,
        "melody": 0.875,
        "pad": 0.9375,
        "fx": 0.9375
      }
    },
    {
      "discriminator_score": 0.0008241450996138155,
      "rule_reward": 0.1250762939453125,
      "beat_density": 0.9375,
      "groove_consistency": 0.875,
      "per_layer_density": {
        "kick": 1.0,
        "snare": 0.9375,
        "hihat": 1.0,
        "clap": 1.0,
        "bass": 0.9375,
        "melody": 0.75,
        "pad": 0.875,
        "fx": 1.0
      }
    },
    {
      "discriminator_score": 0.0006882091402076185,
      "rule_reward": 0.3900396728515625,
      "beat_density": 0.9296875,
      "groove_consistency": 0.859375,
      "per_layer_density": {
        "kick": 0.875,
        "snare": 1.0,
        "hihat": 0.8125,
        "clap": 0.9375,
        "bass": 0.9375,
        "melody": 0.9375,
        "pad": 0.9375,
        "fx": 1.0
      }
    },
    {
      "discriminator_score": 0.0009168297983705997,
      "rule_reward": 0.39004882812499997,
      "beat_density": 0.9453125,
      "groove_consistency": 0.890625,
      "per_layer_density": {
        "kick": 0.9375,
        "snare": 0.9375,
        "hihat": 1.0,
        "clap": 1.0,
        "bass": 0.9375,
        "melody": 0.9375,
        "pad": 0.9375,
        "fx": 0.875
      }
    },
    {
      "discriminator_score": 0.0009155918378382921,
      "rule_reward": 0.400048828125,
      "beat_density": 0.9140625,
      "groove_consistency": 0.8571428571428571,
      "per_layer_density": {
        "kick": 0.9375,
        "snare": 0.9375,
        "hihat": 0.875,
        "clap": 0.875,
        "bass": 0.9375,
        "melody": 0.9375,
        "pad": 0.9375,
        "fx": 0.875
      }
    },
    {
      "discriminator_score": 0.0007728544878773391,
      "rule_reward": 0.390030517578125,
      "beat_density": 0.9296875,
      "groove_consistency": 0.8888888888888888,
      "per_layer_density": {
        "kick": 1.0,
        "snare": 0.9375,
        "hihat": 0.8125,
        "clap": 1.0,
        "bass": 1.0,
        "melody": 0.8125,
        "pad": 1.0,
        "fx": 0.875
      }
    },
    {
      "discriminator_score": 0.0013145942939445376,
      "rule_reward": 0.3900244140625,
      "beat_density": 0.953125,
      "groove_consistency": 0.90625,
      "per_layer_density": {
        "kick": 1.0,
        "snare": 1.0,
        "hihat": 0.875,
        "clap": 0.9375,
        "bass": 0.9375,
        "melody": 0.9375,
        "pad": 1.0,
        "fx": 0.9375
      }
    },
    {
      "discriminator_score": 0.0010130612645298243,
      "rule_reward": 0.39502136230468754,
      "beat_density": 0.96875,
      "groove_consistency": 0.9375,
      "per_layer_density": {
        "kick": 0.9375,
        "snare": 1.0,
        "hihat": 1.0,
        "clap": 0.875,
        "bass": 1.0,
        "melody": 0.9375,
        "pad": 1.0,
        "fx": 1.0
      }
    },
    {
      "discriminator_score": 0.000943231862038374,
      "rule_reward": 0.3900396728515625,
      "beat_density": 0.953125,
      "groove_consistency": 0.90625,
      "per_layer_density": {
        "kick": 0.875,
        "snare": 1.0,
        "hihat": 1.0,
        "clap": 0.9375,
        "bass": 0.9375,
        "melody": 0.9375,
        "pad": 0.9375,